Elec Peak Const,Most Probable Value Elec (ns),Sigma Elec (Multiplier),Gamma Peak Const,Most Probable Value Gamm (ns),Sigma Gamma (Multiplier),Corrected Height Electron,Corrected Height Gamma,
1087.24,18.2379,18.9024,-22.087,217.832,-4.19646,194.457,-0,
3735.55,10.0502,8.39963,1399.68,67.6574,19.5951,668.119,250.339,
3224.93,21.809,18.1315,92.0372,9895.92,28.2407,576.793,16.4612,
3135.81,22.2686,18.6332,116.007,16289.2,24.7279,560.852,20.7484,
2754.59,19.8089,19.3461,102.373,4325.54,24.9604,492.67,18.3099,
3262.79,19.8043,17.9571,96.1391,15400.3,21.8163,583.563,17.1949,
2463.04,20.6008,19.0781,138.865,1193.95,15.5683,440.524,24.8366,
2951.33,19.319,18.612,164.551,5369.89,7.37875,527.857,29.4306,
9408.98,5091.38,4.78444,39.6489,5308.34,3.84169,1682.84,7.09137,
3244.34,20.224,18.1356,121.408,1264.26,21.2326,580.264,21.7144,
3252.68,21.6368,17.8122,128.817,5288.54,19.3951,581.755,23.0395,
3366.52,21.0497,17.4972,112.855,2391.85,22.4669,602.116,20.1846,
3204.89,20.7111,17.561,103.936,832.685,18.9816,573.208,18.5894,
3184.25,20.7334,18.4013,133.097,5299.71,19.9564,569.517,23.8049,
3162.25,21.0599,18.6686,137.494,2352.28,17.9725,565.581,24.5914,
3289.29,19.8507,18.0189,129.652,8745.87,25.4696,588.303,23.1888,
3225.99,21.0604,18.3861,114.511,6861.97,22.7221,576.981,20.4808,
3644.3,14.0301,11.1275,930.586,82.5208,18.0505,651.798,166.439,
3370.63,19.5919,16.87,90.3831,15395.9,26.7349,602.85,16.1654,
3224.82,19.4966,17.8556,98.7516,10733,26.4637,576.772,17.6621,
3259.32,21.0611,17.7722,80.9683,11492.8,28.8933,582.943,14.4815,
2575.24,20.3763,18.5722,121.101,6092.16,23.1424,460.592,21.6595,
129.147,10.7841,17.9601,17.1725,242.655,2.0676,23.0985,3.07137,
3186.39,20.1945,18.5442,193.121,13788.5,6.54697,569.899,34.5405,
984.812,15.7984,19.3272,115.355,9688.16,23.6734,176.138,20.6317,
3200.02,21.3742,17.7248,93.9925,6844.71,26.6851,572.337,16.811,
3228.75,21.5483,17.8666,115.969,5017.37,21.4533,577.475,20.7415,
3238.7,20.4681,17.7833,158.82,3903.33,11.071,579.255,28.4057,
3253.17,22.0121,17.6799,97.6033,5683.19,28.3835,581.843,17.4568,
2463.98,20.3892,18.3361,107.115,4827.52,19.2739,440.693,19.1579,
3205.64,20.5506,18.1878,104.094,1452.29,21.4525,573.342,18.6176,
6200.26,-71.8324,41.0433,-638.32,137.825,97.4212,1108.94,-114.166,
3229.77,21.1008,17.71,132.835,2082.26,19.1677,577.657,23.7581,
3272.72,20.3896,17.9198,166.858,637.635,5.33488,585.34,29.8432,
1298.5,21.4718,19.143,97.6329,1626.89,25.7767,232.242,17.4621,
3134.41,21.9892,18.3987,113.082,8046.73,25.624,560.602,20.2252,
3252.06,19.617,17.8981,104.348,1627.78,22.3686,581.645,18.663,
1601.84,13.3284,12.9275,351.291,87.716,20.2912,286.495,62.8298,
3260.71,19.7132,18.498,102.991,20580.9,27.7525,583.191,18.4204,
3223.52,19.8532,18.3406,115.707,1072.81,19.438,576.54,20.6947,
3338.96,19.7262,17.4335,113.631,7816.91,24.7999,597.187,20.3234,
3252.2,20.74,17.7262,111.183,11708,20.6065,581.67,19.8856,
2768.09,13.1657,23.3367,-26.0569,397.518,134.151,495.085,-4.66039,
3305.35,20.7304,17.6329,120.634,7708.97,20.7133,591.176,21.5758,
3281.78,20.4005,17.9313,139.087,3897.95,18.6806,586.959,24.8762,
3344.38,19.5453,17.3044,181.209,187.566,6.33867,598.155,32.4099,
3138.82,19.8795,18.2955,94.771,7488.85,22.6429,561.391,16.9502,
3291.15,20.0634,18.148,107.53,1884.53,23.4575,588.636,19.2322,
3260.07,21.4296,18.1488,101.317,31167.7,27.7811,583.078,18.121,
3191.45,21.9609,18.5167,116.632,1227.02,19.6814,570.804,20.86,
3271.51,21.1422,17.738,81.3825,10583.2,24.6875,585.123,14.5556,
3210.92,20.7194,17.8509,119.23,2218.98,22.1012,574.286,21.3247,
3209.9,20.0631,17.5937,124.974,7642.48,19.8815,574.103,22.3521,
3120.16,21.5689,18.6874,100.378,3289.76,24.0657,558.053,17.9531,
3296.58,20.9259,17.8596,90.0528,2295.25,23.4316,589.606,16.1063,
2529.11,11.1689,23.5777,-24.5811,377.743,117.966,452.343,-4.39643,
3222.29,19.4491,18.7451,168.565,2455.09,9.83436,576.32,30.1485,
1730.62,18.7721,19.2136,117.579,7267.43,22.8682,309.529,21.0294,
3351.44,19.1824,17.596,333.005,178.063,9.46437,599.419,59.5594,
3153.89,19.9922,18.0382,91.9622,10177.3,29.1814,564.087,16.4478,
3245.49,20.6362,18.2402,115.205,5925.91,17.3954,580.469,20.6049,
3615.13,12.626,10.8669,1002.84,77.5504,19.2604,646.581,179.363,
3215.33,21.3814,18.1533,124.889,1592.13,18.6567,575.075,22.3369,
3278.86,14.0096,21.758,-23.5552,488.283,133.622,586.438,-4.21295,
3266.31,20.8881,17.7351,97.3392,10820.6,26.1547,584.194,17.4095,
2742.07,20.4154,18.0979,114.988,882.531,19.2786,490.431,20.566,
932.628,5.13752,1.88878,862.088,32.4942,19.7523,166.804,154.188,
3296.42,19.7407,17.7935,110.253,2482.9,23.9621,589.579,19.7192,
3230.76,21.2266,18.4919,83.149,1428.56,24.3381,577.834,14.8716,
3268.84,19.971,18.0734,102.298,3333.14,21.8574,584.645,18.2964,
3192.4,21.9351,17.339,109.29,5012.59,25.8211,570.974,19.547,
414.57,11.9063,20.4839,56.3877,183.323,0.392231,74.1476,10.0852,
45.5117,7869.5,20.8385,161.362,7817.98,7.55175,8.13996,28.8602,
3365.24,-2.94319,25.77,-88.0305,302.587,94.0789,601.887,-15.7446,
3335.42,19.1478,17.6808,124.078,10940.6,21.2766,596.554,22.1918,
3253.4,20.9083,17.6484,105.03,7766,25.7896,581.884,18.785,
3211.96,21.8989,17.7016,159.356,4024.55,9.98747,574.472,28.5014,
34024.5,-157.6,20.8042,-405.069,217.944,122.151,6085.43,-72.4483,
3231.92,21.4802,17.9483,114.697,1651.86,20.0242,578.043,20.514,
1422.85,55.0449,19.5112,3910.98,0,9.323,254.483,699.496,
3166.08,20.1572,18.4698,154.59,533.249,4.19001,566.267,27.6491,
3201.39,20.7968,18.438,215.89,2151.83,6.42028,572.582,38.6128,
3185.75,21.7493,17.5771,95.2207,9383.19,25.7638,569.785,17.0306,
3269.62,19.4744,17.9529,106.986,11577.6,22.2437,584.786,19.1349,
3271.54,21.1216,18.2809,75.2867,2076.89,29.6175,585.128,13.4653,
2705.23,19.1973,19.2987,157.118,522.804,7.01906,483.841,28.1011,
-10889.4,5.24271,48.8858,14028.1,0,43.9928,-1947.62,2508.99,
3170.74,19.8776,18.0512,196.242,72.6178,-81.1423,567.1,0,
3246.81,21.1233,17.7171,-232.404,207.524,-31.1401,580.705,-0,
3205.52,20.6813,17.7614,179.263,9455.95,6.5757,573.32,32.062,
3216.82,20.8656,17.9124,134.169,3639.58,19.7406,575.342,23.9966,
3117.65,21.0717,18.0275,9.20668,3638.8,104.875,557.605,1.64665,
2472.63,20.6095,17.8827,102.959,5658.24,24.7642,442.241,18.4147,
3203.76,22.2109,18.1901,107.615,6721.68,22.4454,573.005,19.2473,
3200.07,11.6117,8.73855,1073.23,67.5782,20.3742,572.346,191.951,
3192.4,20.5353,19.2563,214.272,222.955,6.95553,570.973,38.3234,
3196.19,22.0982,17.7715,104.395,5169.58,24.2793,571.652,18.6716,
100.164,3702.88,25.9303,4116.84,0,17.5231,17.9148,736.314,
3260.87,14.7313,12.6614,730.135,87.7658,18.4839,583.219,130.588,
3343.7,20.4467,17.8342,107.681,5532.52,24.1868,598.035,19.2592,
3278.35,19.3031,18.2071,113.756,5733.01,22.0187,586.347,20.3458,
2347.84,18.6663,18.9973,112.03,4848.34,22.3356,419.92,20.037,
3407.66,19.2707,17.5028,109.195,6702.65,24.9826,609.474,19.53,
3312.86,20.7502,17.2844,135.917,1128.23,18.2046,592.519,24.3092,
1484.02,19.7384,19.4635,384.421,964.029,-5.45074,265.424,0,
3937.86,-15.9131,29.6026,-177.235,238.222,93.3705,704.302,-31.6992,
2440.71,21.1698,18.279,115.393,1568.06,18.9234,436.531,20.6385,
2.7462e+07,-1.34161e+06,192.66,92.4314,4458.01,18.3793,4.91169e+06,16.5317,
3221.13,21.2535,18.2667,132.234,6887.64,21.6725,576.112,23.6505,
3188.65,20.3093,18.3478,106.78,1717.28,22.6782,570.303,19.0981,
3340.21,18.8927,17.8436,139.399,1047.62,8.76791,597.411,24.9321,
3209.28,21.6189,17.9541,90.1097,7124.02,26.2192,573.993,16.1165,
3203.55,19.1951,18.1516,92.7938,1979.92,21.1847,572.968,16.5966,
2233.03,20.874,18.7632,115.924,10700.5,22.5542,399.387,20.7334,
3209.5,21.289,18.5218,103.07,8608.35,24.1121,574.033,18.4345,
3303.01,20.3715,17.0187,215.758,162.518,9.02267,590.756,38.5892,
3187.47,20.4858,17.9337,129.379,1836.96,19.0483,570.091,23.14,
3317.26,20.8617,17.6158,102.338,18097.3,23.2502,593.305,18.3036,
3341.97,6529.06,0.567568,167.48,6102.3,9.88842,597.725,29.9546,
2032.89,19.1662,18.683,47.6157,4930.24,26.7807,363.59,8.51626,
3169.59,21.7063,18.2284,110.35,6610.45,22.8325,566.895,19.7366,
3194.43,21.2487,18.373,131.882,673.101,9.59589,571.337,23.5876,
3132.89,21.8393,18.4417,113.689,3793.83,23.5107,560.33,20.3337,
3170.69,20.506,18.5132,124.382,3508.7,20.2887,567.09,22.2462,
2738.82,19.8404,18.2234,173.054,4770.08,8.99996,489.85,30.9515,
3206.9,20.3951,19.3058,281.811,222.553,4.75728,573.567,50.403,
3186.98,20.6098,18.3267,184.892,25332.4,8.82942,570.004,33.0688,
2770.46,21.2215,17.7691,98.97,7594.85,21.2386,495.508,17.7012,
3304.79,19.8858,17.7135,111.561,1852.19,21.199,591.075,19.9531,
3325.16,20.7699,18.0661,107.95,1164.42,20.7267,594.719,19.3073,
3335.19,18.1937,16.5397,354.906,122.608,15.0538,596.513,63.4764,
3254.96,20.5887,17.7107,99.4298,15077.7,24.1379,582.163,17.7834,
3213.33,21.2705,18.5052,109.016,2042.02,20.9642,574.717,19.4979,
3234.32,21.0946,18.2371,84.3403,3784.11,24.2974,578.472,15.0846,
3206.71,21.1018,17.9735,105.304,8384.64,25.135,573.533,18.834,
3186.78,20.9091,18.2397,111.369,4070.05,24.2085,569.969,19.9189,
-3876.62,2.48454,-36.4186,1294.91,77.77,29.6595,-0,231.601,
3257.88,19.1661,18.1166,108.652,4234.8,25.1554,582.685,19.4329,
3223.21,21.726,18.5772,122.763,17324.3,21.0252,576.485,21.9567,
3223.02,19.6683,18.2646,91.6069,852.245,18.1788,576.45,16.3843,
3439.5,13.2413,11.2494,922.563,77.4972,19.4485,615.169,165.004,
3312.69,21.1951,17.565,103.329,1034.12,22.4825,592.488,18.4809,
3270.14,20.7043,17.7783,63.0726,8400.16,36.0352,584.878,11.2808,
2788.66,20.4247,17.4099,64.7376,6071.67,27.2823,498.763,11.5786,
7306.68,-93.2718,54.8697,-1587.25,77.6937,94.8587,1306.83,-283.887,
3203.87,20.6476,18.2905,87.5039,2370.24,24.3718,573.026,15.6504,
3400.71,20.1858,17.4077,113.565,7123.74,22.3579,608.232,20.3115,
3256.59,20.6703,17.7834,106.771,14618.7,26.9748,582.454,19.0965,
3188.14,20.6017,18.3949,103.236,7725.92,22.0721,570.212,18.4643,
3314.67,19.7677,17.604,155.712,5103.31,8.35268,592.842,27.8497,
3296.51,20.2943,18.1727,175.737,2503.36,7.21949,589.594,31.4312,
2083.52,19.2969,15.7246,229.327,122.681,15.3523,372.646,41.016,
3264.16,19.7383,17.9422,167.424,4538.95,6.70251,583.809,29.9445,
3263.21,21.4279,17.8285,69.4032,262.942,0.763056,583.639,12.4131,
2974.62,19.4249,18.5915,118.689,3327.51,19.1065,532.023,21.228,
3424.51,17.4543,14.6718,544.678,107.498,16.1813,612.488,97.418,
3041.62,20.2132,17.825,110.122,1119.15,18.2176,544.007,19.6957,
-961858,1362.89,73.3326,3978.64,0,18.7193,-172032,711.597,
2443.56,19.1686,19.0324,102.955,5528.8,24.0977,437.04,18.4139,
327.191,16.1965,18.9327,25.0391,107.926,17.2393,58.5195,4.47834,
2586.63,19.8893,18.6228,-860070,3973.19,-5.24814,462.629,-0,
3230.33,20.2407,17.8698,129.808,4047.45,20.8982,577.757,23.2167,
3178.29,21.0434,17.5886,93.2773,787.655,17.5126,568.451,16.683,
3148.27,21.3402,18.453,114.679,7449.96,22.413,563.082,20.5108,
3231.3,21.2528,18.3898,162.509,3234.44,8.41122,577.932,29.0655,
3195.71,21.0305,17.836,103.963,22760.1,25.3668,571.567,18.5942,
3357.47,19.3822,16.6541,299.68,142.519,10.8276,600.498,53.5991,
3223.56,20.8165,18.2411,128.669,4420.44,17.9122,576.548,23.013,
3226.83,18.9073,19.2842,122.951,478.338,7.97165,577.132,21.9904,
3223.59,20.5866,18.3542,106.823,978.026,18.3037,576.553,19.1057,
100.513,22.495,24.5454,46.9564,1862.82,33.4899,17.9772,8.39834,
703.989,10.7682,10.601,228.785,72.5558,21.0182,125.911,40.9192,
2337.16,21.5423,19.3083,91.4655,7874.27,23.3931,418.01,16.359,
3.10535e+08,-2.78719e+06,103.624,56.9138,5839.58,26.7835,5.55405e+07,10.1793,
3364.78,20.6864,15.8854,431.933,127.791,13.6916,601.804,77.253,
3169.94,20.6724,17.9118,98.3757,989.18,19.5833,566.957,17.5949,
3170.77,21.4608,19.0568,109.386,5990.24,23.9508,567.105,19.5641,
208.438,-1.30835,-16.2238,44.0223,1964.18,33.0984,0,7.87356,
3307.86,20.2541,17.6822,104.617,2943.9,25.7119,591.624,18.7113,
3298.08,20.9949,17.4586,198.959,182.521,5.06959,589.875,35.5847,
3216.97,20.9961,17.9775,166.125,9689.16,7.28001,575.369,29.7122,
3180.09,20.6813,18.6419,114.914,1683.96,21.0736,568.771,20.5529,
2891.85,21.4513,17.9651,112.205,12201.8,25.4276,517.22,20.0684,
3297.64,21.3477,17.6205,103.94,4383.28,22.9442,589.797,18.59,
2537.78,21.11,18.5515,207.565,162.514,3.13759,453.893,37.1238,
3201.17,20.0211,18.3607,156.056,12701.7,8.9824,572.543,27.9114,
3294.58,21.1602,17.59,90.7425,1017.19,19.5566,589.25,16.2297,
3329.3,20.2721,17.5177,116.53,1199.53,15.6642,595.459,20.8418,
-196922,906.089,-0.00785212,120.017,938.327,20.6865,-0,21.4655,
3077.04,20.8347,17.9628,116.993,15402.9,22.4871,550.342,20.9248,
2992.79,19.0386,18.0801,84.0354,3047.42,21.2634,535.274,15.0301,
3323.7,20.0935,17.4483,114.164,11250.8,21.425,594.458,20.4186,
1603.6,21.587,18.9514,122.511,22940.9,21.1827,286.81,21.9116,
3142.04,20.8663,18.1306,103.436,10742.5,23.4548,561.968,18.4999,
-904127,1348.98,33.8981,3878.02,0,19.7274,-161707,693.6,
3240.28,20.5629,18.1507,94.5227,1449.49,19.1129,579.537,16.9058,
3319.48,20.1176,18.1594,73.0941,3463.48,30.1967,593.703,13.0732,
3334.21,21.0666,17.5182,123.843,1593.33,19.5553,596.337,22.1499,
3246.16,19.4378,18.0756,119.854,2233.19,20.0426,580.589,21.4364,
3259.1,20.6757,18.0634,105.453,6074.06,24.6909,582.903,18.8608,
1537.96,18.7281,16.9656,120.624,142.395,12.8143,275.07,21.5742,
3342.22,19.3096,15.2152,446.501,122.513,14.3889,597.769,79.8586,
3206.16,20.7852,17.9697,90.1097,1414.71,21.8458,573.435,16.1165,
3197.73,19.7879,18.3281,113.552,2036.87,23.8289,571.928,20.3093,
-952203,4350.49,66.5394,3993.02,0,19.026,-170305,714.169,
3241.1,20.8284,18.2424,84.5296,14067.3,30.6321,579.685,15.1185,
3327.63,19.3261,17.8669,185.925,227.502,0.766311,595.161,33.2534,
3321.36,20.113,17.511,125.514,3117.45,20.2691,594.039,22.4488,
2292.38,19.3699,18.6775,127.398,5329.96,22.0273,410.002,22.7857,
3201.04,21.6007,17.9208,106.646,4968.97,25.4874,572.52,19.0742,
3205.76,20.3798,18.1347,124.666,27109.8,21.6703,573.363,22.297,
3236.71,20.4129,18.2452,117.011,3892.58,23.6737,578.899,20.928,
3251.85,20.0716,17.8427,135.873,5280.43,20.4452,581.606,24.3015,
3181.16,21.1966,18.1732,117.809,1869.98,22.1153,568.963,21.0706,
3259.86,21.1995,18.1912,95.8527,18177.2,22.0124,583.04,17.1437,
2890.31,19.9522,17.8535,119.395,2870.3,22.4851,516.944,21.3543,
3242.08,20.7083,18.1351,119.978,3020.41,22.0255,579.86,21.4585,
3249.18,21.03,17.9585,106.888,5221.96,24.0216,581.13,19.1174,
-1.00045e+06,1431.43,68.8702,4076.22,0,18.5823,-178935,729.05,
17008.4,-212.942,52.401,-2526.37,2.50458,107.367,3042.02,-451.852,
3196.36,17.7917,19.9776,110.58,343.594,7.7025,571.682,19.7777,
3203.29,20.194,18.156,102.177,10349.7,25.1999,572.922,18.2748,
2864.38,21.9364,17.8113,135.325,748.032,8.43785,512.306,24.2034,
3631.77,14.6165,11.987,779.81,87.5263,18.5968,649.558,139.472,
2888.71,20.6196,18.3623,111.959,5439.51,22.174,516.657,20.0244,
3140.32,21.4712,18.3762,134.225,9177.7,20.1268,561.66,24.0066,
3227.66,21.884,17.4002,278.018,147.526,10.5589,577.28,49.7246,
3157.46,22.6144,18.0291,111.575,1087.48,19.4979,564.726,19.9557,
3325.01,20.068,17.6979,101.211,769.007,16.1061,594.691,18.102,
3258.13,19.8726,17.8111,102.592,6934.37,28.255,582.729,18.3491,
4456.48,-21.3948,28.4708,-142.153,182.746,137.71,797.06,-25.4246,
2745.81,21.4953,18.054,114.282,7164.48,23.1676,491.099,20.4398,
3283.82,20.0694,17.8339,115.593,4509,24.2409,587.325,20.6743,
3041.6,20.8158,18.1879,93.8573,4966.83,24.2273,544.002,16.7868,
3488.01,14.0385,11.7216,861.763,82.5846,19.38,623.845,154.13,
153.935,10.3651,19.7453,31.6963,5845.13,32.4081,27.5319,5.66901,
3206.97,19.6786,18.3535,131.39,2123.55,19.8717,573.581,23.4997,
3230.96,20.2003,18.3661,107.975,5492.24,22.0378,577.87,19.3118,
3292.27,20.7589,17.6568,113.015,10850.2,22.4642,588.837,20.2132,
3287.23,21.2708,17.9696,111.476,6704.59,22.9485,587.936,19.938,
3225.98,21.3797,18.0092,100.988,4412.1,24.1725,576.98,18.062,
2459.09,19.6478,18.8068,192.868,6657.65,7.74383,439.819,34.4952,
3214.81,20.1791,18.3121,123.613,1342.96,19.2312,574.981,22.1087,
854.664,16.783,20.2645,33.8221,182.679,5.03554,152.86,6.04922,
3101.06,21.26,18.3929,134.493,11747.5,19.7278,554.637,24.0547,
3217.14,21.6145,18.1396,122.553,487.188,8.00934,575.398,21.9191,
3178.27,21.1493,18.2669,109.816,873.842,19.055,568.447,19.641,
3242.94,20.8176,18.2344,99.4191,9304.32,25.5013,580.013,17.7815,
3242.64,21.0198,17.7904,115.061,9771.66,23.3315,579.959,20.5792,
3227.51,21.5771,17.7823,107.682,2617.73,23.8211,577.254,19.2594,
107.031,4680.81,17.7467,4089.08,0,17.8609,19.143,731.349,
118.661,11.3357,21.5783,33.6188,87.5403,1.40534,21.223,6.01286,
3197.88,21.0111,18.1426,91.4004,1960.26,27.2372,571.955,16.3473,
3199.63,20.7029,17.692,89.0763,5050.72,25.6303,572.267,15.9317,
3228.92,21.1577,18.1338,100.83,19522.6,24.5909,577.506,18.0339,
2027.68,19.2061,19.1046,123.164,10627.7,20.8336,362.658,22.0284,
2090.44,20.4708,18.4018,-862664,1758.75,-514.506,373.883,-0,
3166.83,21.0904,18.4328,107.591,2843.99,22.6766,566.401,19.2431,
3203.79,18.9771,19.4718,104.607,452.374,8.40894,573.011,18.7094,
3174.44,22.5537,17.89,113.105,5889.09,24.6422,567.761,20.2293,
3254.11,19.9041,18.3238,120.666,6770.47,18.9833,582.01,21.5817,
2369.82,20.8977,18.671,121.009,4342.99,19.4271,423.852,21.6429,
3201.66,20.1581,18.1136,96.2492,2010.09,21.5134,572.63,17.2146,
3302.81,19.8585,18.1344,94.3432,3123.71,26.1787,590.721,16.8737,
3274.49,21.1991,17.516,115.138,2757.77,21.669,585.656,20.5929,
1717.85,19.8231,18.9215,72.1987,30842,18.7056,307.244,12.913,
-83878.5,1309.7,50.293,3922.89,0,19.5228,-15002,701.626,
3262.69,21.431,17.3292,98.4926,16152,21.3606,583.545,17.6158,
2002.76,11.7375,10.7764,631.263,72.6964,20.2649,358.203,112.904,
3250.41,21.7087,17.8323,98.0758,2279.8,21.7957,581.349,17.5413,
3516.99,13.4473,10.6899,1038.99,77.5031,18.6531,629.028,185.827,
3263.81,19.8119,18.0708,269.057,202.671,8.6687,583.747,48.1221,
3313.01,19.1035,18.1611,118.144,13918.3,23.2221,592.545,21.1306,
3330.48,19.5093,17.6376,113.824,3133.8,18.0077,595.671,20.358,
3245.32,20.3004,18.2286,101.895,4969.89,24.9083,580.439,18.2244,
3189.85,22.1886,18.2361,117.009,5276.73,21.7369,570.517,20.9275,
3164.01,22.2516,18.2213,112.364,9729.83,23.7502,565.897,20.0967,
3174.14,21.6158,17.5835,174.024,4934.42,7.74519,567.708,31.125,
3329.44,19.6763,17.6669,99.8785,5003.74,25.15,595.484,17.8637,
3160.44,19.7101,19.1302,117.525,6399.63,24.2487,565.258,21.0198,
3127.33,21.2421,18.8266,80.6437,17042.9,31.8798,559.335,14.4235,
3214.11,19.1328,19.3479,147.693,482.708,6.89089,574.856,26.4155,
3175.13,20.7865,19.3878,-793231,147.526,-53.199,567.885,-0,
3262.41,20.1594,17.7624,146.536,8052.47,17.3494,583.495,26.2086,
-15476.5,3398.68,0.00344588,124.173,3413.81,21.4163,-2768.04,22.2089,
3216.72,20.1819,18.1326,103.51,3980.78,26.0944,575.324,18.5132,
3266.67,20.6558,18.254,114.229,4184.57,19.5691,584.257,20.4303,
3213.81,21.1177,18.0699,86.7162,8000.65,29.2993,574.803,15.5095,
3195.15,20.5585,18.1903,117.41,9407.95,20.1472,571.465,20.9993,
3296.75,19.7777,18.0233,125.121,3187.19,20.4669,589.638,22.3783,
3205.88,21.1135,17.9901,110.15,2427.03,23.2399,573.386,19.7008,
3329.04,20.0929,17.2295,213.914,157.78,15.9991,595.412,38.2594,
3347.88,19.8684,17.3825,264.608,197.656,8.91558,598.783,47.3263,
3284.38,21.0447,17.5802,112.251,2548.72,23.4086,587.425,20.0765,
13045.1,-157.109,43.4927,-1182.96,87.754,109.761,2333.17,-211.578,
3278.63,19.447,17.7025,163.137,5410.19,7.99869,586.396,29.1777,
3224.58,20.2305,18.3587,113.087,4184.62,24.592,576.73,20.2262,
3330.52,19.2439,17.8644,111.523,2212.33,19.9015,595.678,19.9463,
3168.96,21.274,18.2314,171.47,1482.92,6.55073,566.782,30.6682,
3145.95,22.471,18.2288,154.45,7485.13,8.43988,562.667,27.624,
3027.46,19.2518,17.9958,101.509,1713.71,21.1875,541.474,18.1553,
3280.25,20.3929,17.602,132.675,8728.25,22.8267,586.686,23.7295,
3422.9,17.0606,14.081,569.959,102.608,17.2168,612.2,101.94,
2668.92,14.6745,21.1529,-20.7183,472.661,118.308,477.348,-3.70555,
800,0,1,400,0,1,143.083,71.5417,
1433.82,20.7051,19.7599,182.694,648.256,9.31597,256.444,32.6756,
3228.62,21.0147,17.7846,113.687,2802.19,21.7183,577.451,20.3333,
3242.96,20.3325,18.0266,168.526,6399.44,7.33338,580.016,30.1415,
3223.89,20.7869,18.5054,73.5854,7734.95,28.7727,576.607,13.161,
3249.91,21.2875,17.8054,117.897,7083.89,24.0438,581.26,21.0863,
3259.08,21.0917,17.6468,128.304,4489.67,21.3897,582.899,22.9477,
1974.57,21.845,18.6142,106.396,9846.64,23.6811,353.16,19.0294,
3300.38,19.1651,17.984,156.021,5162.64,11.3041,590.287,27.905,
3208.12,21.1361,17.8105,108.533,2563.07,20.3471,573.786,19.4115,
3176.14,20.1235,18.4805,115.08,1757.95,21.6939,568.065,20.5825,
2491.68,20.7877,18.6286,89.1223,6208.87,22.4982,445.648,15.9399,
-1206.18,1387.59,0.00746504,142.869,1397.68,21.6963,-215.73,25.5527,
51386.4,-176.633,19.6176,-640.871,162.504,114.932,9190.67,-114.622,
3188.95,20.9823,17.9108,114.64,19228.7,21.8801,570.357,20.5038,
2887.04,20.3648,18.1951,96.4976,4120.15,21.3875,516.359,17.259,
3259.61,19.8514,17.8989,116.972,5268.47,22.3866,582.995,20.9209,
1295.85,59.7467,19.3144,4062.98,0,9.9667,231.768,726.681,
3206.68,22.2194,18.0276,111.308,3899.21,25.7506,573.527,19.9079,
3300.41,20.1164,17.9318,126.449,8309.23,21.6042,590.292,22.616,
3197.54,19.7544,18.3595,128.165,10191.1,21.3953,571.893,22.9229,
3226.12,20.649,18.5599,80.6284,3536.99,25.6314,577.004,14.4207,
3229.81,19.546,18.4276,103.928,1437.94,22.8505,577.665,18.5879,
3274.53,21.8367,18.0386,167.926,1117.22,8.05958,585.664,30.0343,
3388.14,18.5011,14.8787,514.899,107.661,16.1804,605.983,92.0918,
3138.02,21.096,18.1197,109.293,4592.27,23.7399,561.247,19.5475,
3301.17,21.3331,17.6765,104.288,6295.51,23.7723,590.427,18.6524,
3265.87,20.5465,18.0392,42.1974,3414.64,48.4225,584.114,7.54718,
3234.87,21.5851,17.804,110.227,1508.6,21.7791,578.571,19.7145,
3236.03,21.0793,18.3169,139.283,572.327,7.1595,578.777,24.9113,
3218.38,20.1785,18.0827,100.007,2423.95,24.3183,575.621,17.8867,
1676.47,20.6515,18.4624,99.0697,9124.03,22.2835,299.843,17.719,
3227.84,22.1007,18.0296,120.045,3128.35,24.0713,577.313,21.4706,
3243.33,21.0413,17.6399,104.805,1478.66,23.5135,580.082,18.7448,
3170.53,21.8728,18.5436,93.0292,1348.14,19.3419,567.063,16.6387,
3165.77,21.9322,17.9818,116.005,1504.7,19.1627,566.211,20.7479,
2696.74,20.0663,19.0863,182.416,228.122,8.675,482.324,32.6259,
3314.85,19.4379,17.7275,97.2248,1294.42,20.498,592.874,17.3891,
3212.68,21.148,18.0597,98.542,5995.11,26.4462,574.601,17.6246,
3225.09,19.8324,18.8714,120.132,548.07,9.30623,576.821,21.4862,
3267.39,19.2451,18.0904,119.542,8487.46,21.8077,584.386,21.3806,
2783.35,20.191,18.5184,90.5566,28067,24.881,497.815,16.1964,
29998.7,-208.591,36.8509,-1797.81,52.5296,112.402,5365.39,-321.545,
3228.22,19.8231,18.0559,113.73,8574.41,23.4934,577.381,20.3411,
3465.6,15.0991,12.5977,759.567,87.5288,18.7435,619.836,135.852,
2548.94,20.5134,17.8177,125.151,7575.08,21.9869,455.889,22.3838,
3274.35,19.1927,17.8733,99.6883,3533.93,23.6686,585.632,17.8297,
3204.63,22.3463,18.2497,85.648,8653.82,21.3781,573.161,15.3185,
3207.41,21.3601,18.1808,131.029,4445.65,20.8572,573.659,23.4352,
3100.27,22.5012,18.2739,111.659,4323.49,22.9164,554.495,19.9707,
3245.97,20.1798,18.4121,114.097,12642.3,23.5167,580.556,20.4067,
3240.04,20.858,18.0864,109.895,10732,24.0914,579.494,19.6552,
3318.65,20.8058,17.7804,117.971,11043.9,21.5623,593.554,21.0995,
3192.15,20.8227,18.3666,215.237,162.923,13.5275,570.929,38.4961,
3249.53,21.2179,17.9323,92.2002,1232.8,23.2216,581.191,16.4904,
-204.133,0.80219,-0.0359139,956.206,82.5008,26.0803,-0,171.021,
3202.77,22.0378,17.9291,86.6542,4533.28,25.9924,572.829,15.4985,
3222.8,21.2016,18.2216,98.1836,1403.58,23.8463,576.411,17.5605,
3239.73,21.0104,18.0456,120.108,14304.5,19.3801,579.44,21.4819,
3238.64,20.5418,17.9439,122.519,3314.52,21.5079,579.244,21.9131,
3263.76,20.2244,17.6262,120.953,1733.15,23.9278,583.736,21.6329,
3310.41,7.45311,24.0374,-37.4395,377.509,129.279,592.081,-6.6962,
3353.66,20.6989,17.6352,109.008,1315.07,23.0346,599.816,19.4966,
2896.38,21.3037,18.115,98.6049,4251.92,27.2917,518.029,17.6359,
800,0,1,400,0,1,143.083,71.5417,
3185.69,22.3959,17.8794,112.129,2330.26,19.0367,569.773,20.0548,
3300.53,21.5033,17.3688,134.49,3934.26,21.5195,590.313,24.054,
1258.3,17.2784,19.0141,140.516,9203.9,15.594,225.052,25.1318,
3239.58,20.4571,18.1085,117.013,1642.16,21.5552,579.412,20.9283,
3261.3,21.287,17.8621,101.283,1602.36,22.123,583.297,18.1149,
3212.73,20.9658,18.4698,118.198,4987.25,23.4207,574.61,21.1402,
3266.25,20.6202,18.0578,122.737,813.635,13.414,584.183,21.952,
800,0,1,400,0,1,143.083,71.5417,
3215.76,21.7949,17.777,95.5534,4954.39,27.3402,575.153,17.0901,
2359.43,20.2287,18.4396,107.717,1569.42,21.1752,421.994,19.2656,
3201.07,21.8743,17.6303,114.262,7638.48,21.5055,572.524,20.4362,
3161.35,20.5481,19.3862,91.025,447.462,8.35626,565.421,16.2802,
3272.73,21.0825,17.4231,195.427,4803.88,6.54494,585.341,34.9529,
3219.74,20.8433,18.3041,122.375,7629.69,21.7278,575.863,21.8873,
3602.66,10.3466,7.52626,1474.87,62.5301,19.1312,644.35,263.786,
3313.02,12.1272,19.359,-459.096,57.4978,-0.197513,592.548,-0,
3209.56,20.8851,17.9262,112.472,4242.2,23.3161,574.044,20.1162,
3280.14,19.7594,17.708,94.0177,5250.53,25.6471,586.667,16.8155,
548.403,16.6299,20.2265,30.7178,157.486,5.1994,98.0842,5.494,
3216.32,20.7398,18.61,120.04,1214.53,16.0314,575.251,21.4697,
3205.12,20.5267,18.3598,67.1545,2603.64,33.3805,573.249,12.0109,
8620.51,-94.7756,31.7012,-369.97,192.346,105.503,1541.81,-66.1707,
231.078,16.8544,18.9583,60.7021,127.929,-14.0171,41.3292,0,
3566.92,12.0993,10.0007,1153.12,72.4999,18.5925,637.958,206.239,
3214.55,20.8647,18.5836,117.787,3108.54,21.6393,574.936,21.0667,
3287.42,20.5404,18.0928,108.659,1267.4,16.7564,587.968,19.4341,
3271.42,21.5619,18.4583,112.213,1128.98,19.0336,585.107,20.0697,
3153.61,20.4865,18.3027,104.818,22007,21.6837,564.036,18.7471,
2453.55,19.9393,18.5382,130.693,7795.51,22.9409,438.828,23.375,
3454.8,15.9931,13.4314,703.532,102.456,18.058,617.905,125.83,
3287.09,20.3626,17.7988,124.115,12775.5,24.873,587.909,22.1985,
2699.64,21.0648,18.7219,116.404,6732.61,21.8663,482.842,20.8193,
3243.67,20.1133,18.6102,95.657,5513.77,23.9514,580.143,17.1087,
3277.69,20.6361,17.443,89.7264,3394.84,26.7119,586.228,16.0479,
3197.01,20.3758,18.0515,109.664,8728.42,24.1935,571.799,19.6138,
3198.34,21.959,17.6939,110.799,8195.68,22.1883,572.037,19.8168,
3226.61,20.9314,17.7745,114.438,16485.1,21.631,577.092,20.4677,
3190.61,19.2872,18.7749,116.217,6445.11,24.2062,570.653,20.7858,
1545.75,18.5045,19.6789,138.207,2838.18,20.1047,276.464,24.7188,
1330.09,57.8542,21.7244,3676.59,2.50737,9.8958,237.892,657.574,
3272.43,20.4925,17.9334,124.908,13947.9,23.5436,585.288,22.3402,
3365.48,19.7347,17.4061,123.012,17317,23.0569,601.93,22.0012,
3256.44,19.3874,18.2038,91.1583,10290.9,22.9986,582.429,16.304,
3317.19,22.539,18.0663,-945.478,117.881,-118.295,593.293,-0,
3287.73,20.4084,17.7411,116.17,693.732,10.6561,588.024,20.7775,
3277.52,19.3193,17.9664,82.7408,3661.82,29.4256,586.198,14.7985,
3279.66,20.8471,17.7778,81.5737,1152.85,20.3687,586.581,14.5898,
3220.97,20.0751,18.1823,102.769,2952.6,23.1685,576.084,18.3807,
3215.26,20.1249,18.7362,124.556,11048,22.4984,575.062,22.2773,
2655.64,19.5836,17.565,146.492,182.465,6.70286,474.972,26.2008,
3294.51,18.9689,18.0805,114.298,738.801,15.1352,589.237,20.4427,
3201.66,20.5693,17.8713,-133046,0,-38.4881,572.63,-0,
3294.21,20.6446,16.69,297.428,147.497,10.3057,589.184,53.1962,
3197.25,20.9938,17.7253,168.916,9558.81,9.98209,571.841,30.2113,
3159.15,21.8182,17.987,130.032,3379.17,20.7788,565.028,23.2568,
3365.19,19.6701,17.5201,135.113,2062.44,18.1416,601.879,24.1655,
3168.9,21.2351,17.7831,123.743,7077.77,19.827,566.771,22.1319,
370.589,-11.4159,27.8808,139.301,177.742,7.63508,66.2814,24.9146,
1156.6,63.0754,20.8366,3970.67,0,10.7299,206.862,710.172,
3173.64,21.2698,18.2834,115.527,1707.72,20.5849,567.618,20.6625,
2865.2,20.291,17.9144,119.493,7965.32,20.1668,512.453,21.3719,
3261.23,21.1386,17.7014,83.9169,6687.37,28.5615,583.285,15.0089,
3277.21,20.2763,17.4697,128.086,1283.64,17.5428,586.143,22.9087,
2614.31,21.1668,18.314,113.726,2394.84,20.0202,467.58,20.3404,
3221.65,19.8964,19.3749,143.358,247.73,7.49128,576.206,25.6401,
2260,20.3878,18.3509,4729.82,4204.64,-27.6588,404.211,0,
-4881.62,3.1145,-10.2204,1482.52,72.6478,26.5192,-0,265.154,
3258.48,20.4857,17.7292,163.917,8682.9,7.46118,582.793,29.3172,
3653.29,9.96315,8.05062,1381.92,62.5043,19.8883,653.406,247.161,
1449.98,57.208,19.0437,3977.47,0,9.39893,259.334,711.388,
2317.04,3366.69,309.645,4000.54,0,17.9502,414.413,715.512,
3343.43,21.039,17.5877,82.4349,797.766,19.8243,597.987,14.7438,
3203.88,20.4393,17.9725,97.1326,2794.81,24.9172,573.027,17.3726,
3271.7,20.9852,17.6008,111.651,2573.81,21.6637,585.157,19.9693,
3284.62,20.1512,18.5207,153.638,563.735,5.61874,587.469,27.4788,
-905665,1381.83,66.0068,3953.82,0,18.4492,-161982,707.158,
3336.93,19.7709,18.0098,120.96,12134,19.2916,596.823,21.6342,
3213.43,21.1287,18.1,114.681,3414.24,21.8368,574.736,20.5112,
1758.83,20.5425,19.0915,89.706,4723.05,26.6421,314.575,16.0443,
3187.7,20.7937,18.8366,134.04,8629.6,16.1979,570.134,23.9736,
756.385,17.4775,19.4562,77.1019,863.64,30.1726,135.283,13.79,
3201.2,20.9593,18.1309,80.9864,5677.97,25.2575,572.549,14.4848,
3236.8,19.506,17.9686,98.864,9052.41,21.0374,578.915,17.6822,
437.814,17.4017,21.9156,153.97,22804.9,13.4872,78.3048,27.5382,
3234.5,20.0155,18.6677,128.273,7053.29,20.7243,578.504,22.9421,
3148.46,21.4022,18.3945,112.131,4762.83,22.9065,563.115,20.0552,
2587.82,18.3606,19.8395,139.4,232.655,7.69229,462.843,24.9323,
3135.64,19.3861,18.5082,103.372,692.859,15.1223,560.822,18.4884,
3317.04,19.8125,16.5668,293.343,137.954,12.9372,593.267,52.4656,
3080.41,21.0332,20.4234,200.361,262.533,4.66962,550.943,35.8354,
3205.67,20.7333,18.5212,128.139,1258.41,17.2437,573.347,22.9182,
3234.41,19.554,18.2985,111.733,2199.08,21.5659,578.487,19.9839,
3279.19,21.2956,17.6479,91.3258,8192.87,28.8845,586.496,16.334,
3214.35,20.7687,17.7588,125.335,1114.75,18.9892,574.9,22.4166,
3318.54,19.7636,18.1277,108.308,4663.82,23.0952,593.535,19.3713,
3108.25,19.3279,20.528,116.511,372.472,6.95385,555.924,20.8386,
3249.74,20.1421,18.153,102.897,5210.2,23.8548,581.23,18.4035,
3235.21,20.458,18.4909,118.705,2157.03,16.7375,578.631,21.2308,
3259.01,19.6934,18.0977,110.507,1098.47,20.3126,582.888,19.7647,
3226.41,21.5824,17.7783,92.5826,1762.68,22.8594,577.056,16.5588,
3408.39,17.9393,14.9739,442.615,117.513,16.1565,609.604,79.1635,
3022.7,21.6172,18.8641,116.667,628.642,7.57622,540.622,20.8664,
3257,19.793,18.0365,117.369,2147.47,20.5318,582.529,20.9919,
3257.69,18.9436,18.4208,103.731,5085.54,25.5147,582.651,18.5527,
3255.67,20.9599,17.986,110.785,13018.1,21.9869,582.291,19.8144,
3213.97,19.2828,18.5732,112.756,10964,21.8446,574.832,20.167,
3207.88,21.2054,18.0882,111.352,929.175,18.248,573.743,19.9157,
2911.84,21.4212,17.664,119.973,30963.3,19.7633,520.794,21.4576,
3219.6,21.5361,18.0209,124.749,2463.19,23.0682,575.839,22.3118,
3222.71,21.018,18.081,100.32,24626.1,26.1332,576.396,17.9427,
3252.85,19.321,17.9202,86.3694,1167.35,20.7506,581.785,15.4475,
134.402,15.8192,23.8181,39.1045,102.897,0.00619045,24.0383,6.99399,
800,0,1,400,0,1,143.083,71.5417,
1314.94,60.5965,21.4439,3956.2,0,9.9202,235.183,707.583,
3163.38,21.4375,18.1211,107.028,2201.87,23.3561,565.784,19.1425,
3130.44,21.5306,18.4987,170.954,5909.43,4.33425,559.893,30.5759,
800,0,1,400,0,1,143.083,71.5417,
3277.81,20.025,17.6523,107.247,2129.74,20.8391,586.25,19.1815,
1904.23,19.3297,18.7033,115.986,4973.84,19.9807,340.579,20.7445,
3204.71,18.3599,19.7692,158.02,428.103,5.05969,573.175,28.2626,
3234.17,20.619,18.424,104.601,1417.44,20.3128,578.445,18.7084,
3228.06,21.7811,18.2367,109.522,6253.81,24.0711,577.351,19.5884,
3168.35,21.0748,18.1917,114.49,3842.7,25.5498,566.672,20.4771,
3322.73,20.9208,17.554,123.541,4677.07,20.4147,594.284,22.0959,
3269.17,20.1776,17.538,101.774,3025.56,22.8043,584.705,18.2027,
3283.29,20.1269,18.0513,120.092,1324.09,18.4613,587.23,21.4789,
3262.94,19.9234,18.1817,93.1195,22174.4,28.4723,583.591,16.6548,
3203.75,20.6255,17.7955,112.453,2191.94,20.7712,573.005,20.1128,
3259.53,20.5574,17.9374,111.796,5050.27,21.9641,582.98,19.9952,
3246.35,19.0323,17.8093,154.065,1848.36,8.32149,580.623,27.5553,
3306.44,20.8422,17.6915,99.5857,6327.17,23.6817,591.371,17.8113,
3231.34,20.3408,17.8604,107.203,4152.87,24.2899,577.939,19.1736,
3215.43,18.6951,19.8563,114.184,397.383,5.07202,575.093,20.4223,
3400.06,19.537,18.0437,169.943,10613.6,10.7935,608.115,30.395,
3169.67,21.0253,18.8231,116.344,2971.78,24.3578,566.908,20.8086,
3159.7,22.7284,17.8146,148.96,4177.15,11.1812,565.125,26.6421,
3211.01,20.3765,18.1077,112.748,12581.7,21.5376,574.303,20.1654,
3230.15,21.0939,17.8886,112.305,2840.22,19.3938,577.725,20.0863,
3433.96,20.0848,17.5726,593.459,183.139,-3.82785,614.178,0,
3242.73,20.7991,18.5928,127.443,8003.26,21.736,579.977,22.7937,
1796.25,19.9994,21.7479,20672.6,318.471,-12.5929,321.267,0,
2814.83,18.1536,15.4269,495.028,117.58,15.1988,503.445,88.5377,
-375.708,1.64196,-6.08975,947.386,87.5015,25.2387,-0,169.444,
3220.45,20.1308,18.2391,104.397,16198.4,23.92,575.991,18.6719,
1214.58,17.5509,19.7322,64.6071,6340.81,37.1504,217.232,11.5552,
3500.75,15.4964,12.3511,760.201,87.5757,17.7704,626.124,135.965,
3245.58,20.2368,18.2347,114.408,18333.3,21.4893,580.486,20.4623,
3197.32,21.0223,18.2874,131.39,9597.23,21.0779,571.854,23.4996,
3223.58,20.5405,18.0941,106.848,13112.1,25.3547,576.55,19.1101,
8790.48,-158.619,25.9637,-220.674,162.405,104.516,1572.21,-39.4685,
2993.31,21.1169,18.4075,160.267,1209.73,6.52456,535.366,28.6645,
3200.6,20.5258,18.1638,100.212,2952.69,24.948,572.44,17.9233,
3205.35,21.7859,18.0853,106.133,13617.2,24.6781,573.289,18.9824,
3239.65,19.9698,18.4611,129.897,6030.38,22.557,579.425,23.2327,
3199.7,21.2557,18.0946,111.45,6365.99,23.4682,572.279,19.9333,
1444.95,18.4581,19.5995,50.5335,4053.17,34.6962,258.436,9.03812,
21077.6,-170.925,28.0785,-508.523,187.498,117.933,3769.82,-90.9515,
3220.83,20.4066,18.3297,94.8122,4912.37,25.7777,576.059,16.9576,
3299.05,20.7958,17.9588,122.226,2274.75,19.6131,590.049,21.8606,
3158.63,20.658,18.8364,100.259,9410.03,23.8108,564.934,17.9318,
3215.87,22.0526,18.3278,88.3235,9021.01,26.6801,575.172,15.797,
3230.17,20.808,18.4876,270.624,203.005,8.32477,577.73,48.4022,
3159.51,20.4281,18.2662,112.83,18474.7,21.0178,565.091,20.1802,
3169.18,21.0012,18.2501,123.875,11803.3,21.0448,566.82,22.1555,
3203.89,20.571,17.8167,113.715,588.08,7.84111,573.03,20.3383,
2843.71,21.2738,18.3841,110.636,3415.02,25.6939,508.61,19.7877,
3230.53,20.9664,17.6538,115.693,1192.54,19.5127,577.794,20.6922,
2927.45,19.6503,18.2472,160.003,2354.71,8.1053,523.587,28.6171,
3144.82,20.6504,18.623,106.521,4687.09,23.7097,562.464,19.0518,
3260.47,20.4538,17.9615,170.727,2051.91,7.28463,583.149,30.5352,
3213.48,21.954,17.765,105.54,7041.67,20.2212,574.744,18.8763,
3295.07,20.4131,17.886,114.698,1537.07,20.8757,589.337,20.5142,
3209.98,20.7302,18.1489,115.902,748.286,14.7792,574.118,20.7296,
3215.5,20.6197,18.198,112.084,3813.99,21.3026,575.105,20.0466,
512.846,18.2163,20.35,111.691,3828.79,21.1572,91.7247,19.9763,
800,0,1,400,0,1,143.083,71.5417,
3216.88,20.7926,18.2601,110.004,5804.01,21.5037,575.352,19.6746,
3282.91,22.0594,17.379,111.71,912.516,16.8591,587.162,19.9798,
3173.22,20.548,18.5403,130.861,859.038,13.3904,567.543,23.405,
3167.79,20.8239,18.3458,99.9729,7919.17,19.8562,566.572,17.8806,
10660.3,5958.26,0.39447,126.777,5631.96,22.8536,1906.63,22.6746,
3256.53,20.7095,17.5045,103.823,3118.5,18.7958,582.444,18.5692,
3148.05,21.0825,18.3677,102.85,19990.2,27.0275,563.042,18.3951,
3202.04,21.468,17.9904,105.822,7369.99,22.0454,572.698,18.9268,
3232.44,21.3818,17.6092,-109.449,2708.05,-33.3014,578.135,-0,
3085.45,21.813,18.0921,112.854,4187.03,22.5424,551.846,20.1844,
3246.94,20.9486,17.5491,123.411,1064.72,18.3634,580.728,22.0726,
3278.84,20.7598,17.9402,83.9731,2238.38,22.7003,586.435,15.0189,
2757.08,19.842,18.3633,120.912,6689.43,21.1905,493.115,21.6256,
2385.85,19.4753,18.4576,110.759,6160.97,21.7119,426.719,19.8098,
3143.48,21.2561,18.4068,130.284,2669.93,20.9491,562.225,23.3019,
3164.33,21.3058,18.6624,100.012,1879.66,19.671,565.953,17.8876,
3252.71,21.0965,18.0781,124.53,7699.11,16.4853,581.761,22.2728,
3295.31,20.2445,17.7482,91.8195,9915.15,26.5972,589.38,16.4223,
3210.02,20.8814,18.3639,113.118,4059.79,25.0215,574.125,20.2316,
3336.05,20.6516,17.1138,105.345,7950.87,24.2476,596.667,18.8414,
3230.86,21.447,17.9935,190.68,5685.24,5.03342,577.853,34.1039,
3176.04,21.2867,17.9759,101.868,15059.5,22.5546,568.047,18.2194,
260.211,7.76701,23.4486,8.19163,514.198,17.8362,46.5398,1.46511,
3252.37,21.2322,17.7754,119.386,1117.97,17.8172,581.7,21.3526,
3634.04,14.8496,12.6755,692.006,92.5237,18.4703,649.963,123.768,
3203.69,20.5692,18.2628,112.36,8072.35,20.8701,572.994,20.096,
3156.63,19.5429,19.7883,111.496,417.439,6.93806,564.577,19.9415,
3142.07,20.9743,18.3164,103.057,944.319,20.2008,561.972,18.4321,
3296.99,20.8076,17.8769,111.781,11278.9,22.1599,589.68,19.9925,
2524.08,20.2376,17.6394,146.316,217.664,3.09556,451.443,26.1693,
3307.06,20.7519,17.8025,101.374,6551.64,25.9897,591.482,18.1311,
3125.84,22.0955,18.1355,96.7839,4553.85,25.0343,559.07,17.3102,
3183.73,21.336,18.2281,189.264,957.197,6.59909,569.422,33.8506,
2155.64,18.6927,18.8903,95.7829,2749.47,24.7714,385.546,17.1312,
3239.04,22.2725,17.8481,89.9562,1952.46,24.6749,579.315,16.089,
3171.57,19.9992,18.7714,165.828,1127.37,6.25323,567.248,29.659,
3264.69,20.9571,18.1575,119.808,11863.1,20.6841,583.903,21.4282,
506.206,14.8762,20.7733,110.374,1337.07,25.7901,90.5371,19.7408,
1987.91,21.484,18.297,14.1638,3567.07,559.913,355.546,2.53326,
3262.14,20.0009,17.7699,78.7335,3015.48,30.0264,583.448,14.0818,
3047.38,20.2338,19.2783,154.11,408.93,5.00437,545.036,27.5632,
3334.42,21.7975,17.4184,110.441,6020.02,22.0407,596.375,19.7529,
3218.91,20.0287,18.5532,160.797,2728.66,6.70452,575.715,28.7592,
3233.45,19.6066,18.9267,164.616,212.936,2.25563,578.317,29.4423,
3217.35,21.4125,17.8618,114.342,4808.44,22.7352,575.437,20.4506,
3270.66,20.2773,18.1122,78.4093,4618.31,29.6268,584.97,14.0238,
3250.86,20.1331,18.2805,177.444,3292.06,6.59507,581.43,31.7367,
3243.23,20.0336,17.8948,127.626,4712.46,20.3373,580.066,22.8265,
3168.78,22.262,18.2981,946.455,222.732,-32.843,566.75,0,
3256,20.0412,17.755,89.3694,1812.91,25.495,582.349,15.9841,
328.579,17.251,17.622,50.494,112.428,6.65754,58.7677,9.03107,
3242.58,21.4109,17.916,174.391,4168.3,7.33961,579.948,31.1905,
3287.92,18.4901,18.0739,128.598,3257.39,21.7059,588.059,23.0003,
3323.82,19.998,18.0335,113.702,8805.86,23.6775,594.479,20.3361,
2055.66,19.5741,18.5822,37101.2,7557.86,-16.6554,367.664,0,
3224.58,21.4809,17.9431,118.207,8036.86,21.4095,576.729,21.1418,
3195.98,20.9242,18.2937,97.3849,2133.52,22.6871,571.614,17.4177,
3334.44,19.5481,15.8721,463.475,122.512,14.345,596.379,82.8944,
2695.19,19.7569,19.63,-68510.6,483.674,-13.2485,482.046,-0,
3221.93,22.0651,18.3159,163.23,3770,11.0811,576.256,29.1944,
3399.18,15.5571,13.4451,644.035,92.4855,18.9412,607.958,115.188,
3225.57,22.6172,17.8154,110.328,6133.62,22.1384,576.906,19.7326,
3554.61,13.4548,10.9974,998.386,77.5209,19.4635,635.756,178.566,
3298.18,18.5245,15.0343,491.41,107.538,16.539,589.893,87.8907,
3422.17,18.2166,15.155,405.322,117.441,14.7871,612.069,72.4935,
1469.8,55.7523,18.8618,3890.03,0,9.3732,262.879,695.747,
3287.32,21.1448,17.7986,129.791,967.099,17.3305,587.951,23.2136,
2846.13,20.8964,19.0898,109.237,769.295,15.9845,509.042,19.5375,
1280.13,18.8627,18.6222,107.941,767.104,16.1811,228.957,19.3056,
3245.62,20.1325,18.4291,109.399,1563.5,20.8986,580.493,19.5665,
3230.48,21.6147,18.239,156.666,2014.1,10.7724,577.785,28.0204,
3251.27,21.0195,18.0616,130.229,5204.98,21.8512,581.504,23.292,
3247.51,21.4427,17.898,67.1514,4969.19,29.1759,580.831,12.0103,
3269.15,20.9427,17.6565,120.144,5832.19,21.6809,584.701,21.4883,
3229.28,20.1127,17.8689,91.3283,8498.55,25.8808,577.57,16.3344,
3281.34,20.9337,18.0654,131.575,577.65,9.51594,586.881,23.5327,
3275.36,6.02359,3.9797,2175.41,42.5234,19.0488,585.811,389.081,
3229.06,22.41,18.0337,167.458,4669.46,9.64513,577.53,29.9506,
3180.9,22.3195,18.0536,127.813,5429.44,23.0229,568.917,22.8599,
3185.38,21.6962,17.7139,114.454,8685.81,22.8428,569.718,20.4705,
3286.57,19.8985,17.6365,117.348,3107.97,23.2756,587.817,20.9881,
3166.77,18.5446,19.6985,109.145,453.56,6.88751,566.39,19.521,
3235.28,21.0861,17.9612,178.089,4529.95,6.64313,578.643,31.8519,
3173,22.7811,17.4077,167.08,3224.01,6.63056,567.505,29.883,
3286.97,21.4989,17.8596,98.4919,1607.39,20.8528,587.889,17.6157,
3310.65,20.2456,17.6653,164.52,8464.51,9.90795,592.123,29.4251,
3121.27,21.5627,19.7208,126.309,292.85,6.24725,558.252,22.5909,
3206.41,21.2162,18.4558,122.928,5629.55,20.397,573.479,21.9862,
3292.75,19.1934,16.325,392.407,127.426,14.05,588.921,70.1836,
2926.75,19.6319,17.8754,103.657,6455.36,24.2088,523.461,18.5396,
3282.8,19.5404,17.3797,105.836,8551.04,19.4641,587.143,18.9293,
3495.29,13.8898,11.6879,857.969,82.5156,19.159,625.148,153.451,
3274.67,19.4133,17.928,200.236,4570.02,6.4441,585.688,35.813,
2632.18,19.3151,18.4692,177.346,934.215,8.31503,470.776,31.719,
3232.84,22.217,18.0516,134.534,3073.38,12.4704,578.207,24.0619,
1307.82,-107.85,53.1618,-176.459,167.742,94.3789,233.91,-31.5604,
3277.83,21.4341,17.9555,119.519,9259.2,22.4998,586.254,21.3764,
3260,19.7815,18.4382,113.428,3637.68,19.1133,583.064,20.2872,
3300.55,19.8111,17.3873,127.157,4648.15,18.863,590.317,22.7425,
3379.47,20.2535,15.9525,357.743,137.58,11.0456,604.432,63.9838,
3245.13,21.2237,18.2683,110.649,1357.67,16.623,580.404,19.7901,
3212.69,22.1145,17.9699,119.53,1078.87,16.3103,574.603,21.3784,
3297.89,19.3915,17.7592,153.601,3163.79,11.1242,589.841,27.4723,
3226.62,21.0848,17.9849,114.971,891.986,16.228,577.094,20.5631,
2166.7,16.6969,14.1315,333.088,102.857,18.204,387.523,59.5742,
3306.58,21.4274,17.7192,196.578,5918.09,6.46104,591.396,35.1588,
3266.62,21.6129,17.9779,128.67,2194.9,18.7961,584.249,23.0131,
1712.35,18.5607,19.6137,156.27,457.55,6.9636,306.261,27.9496,
2788.25,21.1961,18.593,99.4993,4860.06,23.4937,498.69,17.7959,
3226.5,20.1458,18.0595,78.0024,1249.5,23.8439,577.074,13.951,
3185.28,21.1129,18.4907,110.343,8397.23,22.987,569.7,19.7353,
3584.16,12.5173,10.5141,1019.7,77.5164,19.4815,641.042,182.378,
3239.09,21.095,17.9359,95.8625,11240.1,24.3393,579.325,17.1454,
3217.32,19.0131,19.2166,165.25,252.483,7.47456,575.431,29.5557,
3195.8,21.1625,17.948,107.642,14349.5,23.9969,571.583,19.2522,
3279.48,20.5998,17.6095,127.898,1658.03,20.8626,586.548,22.8751,
3131.59,20.3379,18.8173,130.215,512.843,7.9418,560.098,23.2895,
3223.97,20.0354,17.8718,115.334,2360.16,22.3148,576.62,20.628,
3409.42,17.1395,14.3337,560.833,107.492,15.8846,609.789,100.307,
3219.27,21.9739,17.9871,109.766,3299.99,20.8167,575.78,19.632,
2912.7,19.5037,18.4148,91.4833,3253.91,23.7953,520.948,16.3622,
-27518.5,-1.3464,-2.30444,34.9584,102.937,2.34811,-0,6.25246,
3213.89,20.0351,18.4602,125.529,252.768,0.789241,574.818,22.4514,
3169.04,19.7613,18.7119,95.6711,18189.2,23.8059,566.797,17.1112,
3167.56,22.235,18.1513,102.052,1967.23,22.7294,566.531,18.2524,
167.291,-9.00065,24.0187,173.916,3147.44,6.6857,29.9206,31.1056,
3262.73,19.6681,18.0423,93.3459,16834.4,26.9462,583.553,16.6953,
3242.06,19.8173,18.6307,129.476,1518.04,18.3779,579.856,23.1572,
3412.98,15.5277,12.4598,790.568,87.4992,18.3776,610.426,141.396,
3206.65,21.1007,17.7507,124.89,1194.64,17.6962,573.522,22.3371,
701.004,73.3132,19.6542,2347.2,12.5006,10.7579,125.377,419.806,
1120.47,15.868,19.199,109.113,7424.62,20.8625,200.4,19.5154,
3247.13,20.4166,17.3225,108.285,12898.5,24.7053,580.762,19.3671,
3359.65,20.0241,17.5928,126.227,5989.59,22.2135,600.888,22.5762,
3240.83,22.474,18.1184,110.725,4353.87,23.7581,579.636,19.8036,
3209.07,21.4199,17.8606,130.662,4467.36,23.4911,573.955,23.3695,
800,0,1,400,0,1,143.083,71.5417,
3292.03,18.9483,16.0921,414.123,122.495,13.7096,588.794,74.0676,
3138.23,20.7184,18.7799,165.335,1019.42,6.97754,561.285,29.5709,
3204.19,19.893,18.5424,118.119,3992.39,22.9823,573.082,21.1261,
3251.21,20.9027,17.9274,121.588,1132.48,16.3733,581.493,21.7465,
3268.32,21.0166,18.009,116.366,1033.82,14.5647,584.553,20.8126,
3248.24,18.9415,18.3485,175.632,142.928,17.4582,580.962,31.4126,
3114.22,20.1144,19.763,134.44,273.076,6.84516,556.991,24.0452,
3223.88,20.963,18.0945,98.3023,1262.55,22.361,576.604,17.5818,
3237.75,21.1812,18.0328,150.412,3413.21,19.3436,579.085,26.9017,
1423.97,17.6465,18.8348,122.774,5717.61,20.8418,254.682,21.9587,
3094.96,22.0077,18.1337,166.9,11320.2,9.6749,553.547,29.8507,
3234.75,19.4337,19.5463,107.134,363.172,6.38376,578.549,19.1614,
3150.11,20.6692,18.6608,124.619,10275.4,22.1925,563.411,22.2886,
3305.66,20.7259,16.422,233.933,162.579,8.96608,591.23,41.8399,
3306.14,19.8,17.7969,94.3689,9942.94,26.8864,591.317,16.8783,
3258.94,19.7667,17.964,124.29,2729.93,17.9548,582.876,22.2297,
3705.23,11.6436,9.86197,1124.33,72.4936,19.1852,662.696,201.092,
3207.37,20.7799,17.6884,123.202,1459.09,19.2028,573.652,22.0353,
3271.86,19.6721,18.0626,128.428,1089.18,16.038,585.185,22.9698,
3182.88,21.4849,18.0957,109.366,1512.73,21.3982,569.271,19.5606,
3314.46,18.8849,17.8056,61.9261,657.894,19.192,592.806,11.0757,
3242.48,22.1954,17.6485,168.425,2864.78,7.33356,579.932,30.1234,
3217.27,19.7009,18.6311,101.039,2033.07,19.6196,575.423,18.0712,
3268.58,21.0257,18.1842,167.767,974.57,6.32382,584.6,30.0058,
3295.03,21.0548,17.7213,130.127,1172.64,19.2014,589.329,23.2737,
3263.6,20.6654,17.985,110.284,15315.3,22.7184,583.709,19.7247,
3206.11,21.6958,17.994,108.687,1919.78,22.3977,573.426,19.4391,
3275.32,20.6247,18.1353,186.723,2379.28,6.51809,585.805,33.3962,
3182.44,20.3369,18.5464,-852805,0,-20.3072,569.193,-0,
3304.59,21.5049,17.9723,157.223,10949.1,10.0309,591.04,28.12,
3172.21,20.4739,18.5376,175.456,6851.64,7.88531,567.363,31.381,
2838.35,21.1688,17.9227,115.375,2322.88,20.4549,507.651,20.6353,
3188.25,20.515,18.551,109.007,4215.49,23.7752,570.231,19.4963,
3134.64,19.9176,20.0325,147.353,447.183,5.57911,560.643,26.3547,
3245.7,21.4678,17.853,77.5638,8597.94,31.3653,580.506,13.8726,
3247.37,20.8324,17.6317,132.002,2484.65,20.7086,580.806,23.6091,
3314.35,20.7139,16.1949,400.945,122.464,14.2123,592.785,71.7107,
3169.31,21.1504,18.2623,163.715,10375.6,9.03001,566.845,29.2811,
3286.97,19.3799,18.005,123.974,2792.72,20.6073,587.888,22.1733,
3384.24,19.6097,17.6942,102.663,8594.4,22.057,605.285,18.3616,
3285.59,21.1495,17.694,124.311,6567.31,22.014,587.641,22.2335,
3365.02,18.065,15.4909,523.988,107.807,18.0268,601.848,93.7175,
3257.28,20.228,18.5378,132.911,607.882,9.59093,582.579,23.7717,
3315.03,19.8201,18.2397,135.46,12148.5,21.1891,592.907,24.2276,
3226.13,21.6858,17.4407,152.28,907.888,10.6651,577.007,27.2359,
3235.4,19.9803,18.3786,173.108,6551.68,10.8732,578.665,30.9611,
3283.95,18.8765,17.4925,129.964,2679.96,20.1861,587.348,23.2445,
11808.3,-31.1266,60.7918,-7884.58,0,71.3095,2111.96,-1410.19,
3518.78,15.4407,12.4279,791.849,87.4862,18.5869,629.348,141.625,
3191.27,22.0224,17.9879,84.2569,7870.78,30.9621,570.772,15.0697,
3209.82,20.259,17.8886,116.215,3714.06,24.7676,574.09,20.7855,
3318.3,21.5329,17.7959,113.325,7722.81,22.1065,593.492,20.2686,
2634.94,19.8822,18.4298,100.829,8557.76,22.6482,471.269,18.0336,
3217.25,21.7341,17.5874,92.3884,7445.66,27.5633,575.418,16.524,
3282.16,20.0078,18.2289,131.003,603.508,8.38332,587.029,23.4305,
643.715,52.7959,20.7153,1426.22,0,9.60324,115.131,255.086,
3263.7,21.1009,17.9101,116.17,5970.04,20.3968,583.726,20.7776,
3313.73,18.9837,18.0756,117.389,1632.69,21.0171,592.674,20.9956,
1917.85,19.1865,18.9402,-762782,1103.6,-64.9248,343.016,-0,
3225.57,22.3833,17.7848,125.107,2737.74,18.1756,576.907,22.3759,
3297.56,10.9592,9.26348,1133.58,67.5148,20.5418,589.782,202.746,
3194.11,21.0392,17.9429,110.429,977.678,20.5781,571.281,19.7506,
3134.6,21.2042,18.5535,124.291,2387.41,22.0979,560.636,22.2299,
3220.73,21.1146,17.9868,118.975,1617.98,21.0616,576.041,21.2791,
3192.23,19.4333,18.4242,146.458,572.723,7.59757,570.943,26.1947,
3243.94,20.9896,17.7534,128.854,10986.7,19.6046,580.192,23.0462,
2397.53,21.0006,18.002,105.924,7175.76,25.842,428.807,18.945,
3233.07,20.5943,18.0908,76.9276,2848.4,24.1233,578.248,13.7588,
3000.27,20.7622,18.3149,103.098,17737.1,21.3696,536.611,18.4396,
1879.76,19.4916,18.5308,100.808,5629.68,26.2883,336.203,18.03,
3151.49,21.8432,19.2951,92.6876,257.417,2.86024,563.657,16.5776,
3276.76,19.2083,18.5011,192.98,2369.84,7.03063,586.061,34.5153,
2040.56,-88.6329,52.9038,-383.179,117.831,89.7978,364.963,-68.5332,
3221,20.5426,18.1779,107.95,3165.4,20.9822,576.09,19.3073,
3196.79,21.5243,18.1263,94.1319,2047.85,24.4763,571.759,16.8359,
1657.77,20.2299,19.662,91.6739,7869.01,27.6894,296.5,16.3963,
3343.04,18.9656,17.5201,97.5909,4247.17,20.3671,597.916,17.4545,
3250.83,20.5676,18.0861,117.327,1283.98,21.0255,581.424,20.9845,
3431.06,17.1526,14.2102,593.553,102.508,16.4014,613.66,106.159,
3258.91,20.7245,18.1701,140.421,949.238,15.9279,582.87,25.1149,
3339.44,20.2632,17.2949,90.7019,9246.78,27.5457,597.272,16.2224,
3186.07,21.1522,18.0562,101.159,15032.7,22.6516,569.842,18.0927,
2095.86,20.0222,18.8428,-81695.5,16268.8,-27.3291,374.853,-0,
3251.18,21.8144,17.42,111.468,12420.6,24.1385,581.488,19.9365,
3280.06,21.5717,18.6837,132.941,548.861,7.51359,586.652,23.7771,
3275.05,21.2798,17.8043,112.706,14755.9,23.4849,585.756,20.1579,
1073.35,73.0785,19.7189,3519.9,12.5054,10.4339,191.973,629.549,
3362.06,20.7602,17.0076,124.315,662.129,12.4509,601.318,22.2343,
3224.93,19.6363,18.6403,104.925,3237.14,19.6167,576.791,18.7662,
39177.5,-168.719,21.372,-598.192,172.532,111.739,7007.05,-106.989,
800,0,1,400,0,1,143.083,71.5417,
3187.57,20.67,18.0352,128.087,513.981,7.34603,570.111,22.9089,
3541.24,9.2574,8.46787,1339.27,62.5504,19.7971,633.365,239.534,
2759.93,19.5619,18.637,127.483,482.596,7.28123,493.624,22.8009,
2630.48,21.2267,18.0917,137.965,4787.5,18.7152,470.472,24.6756,
3135.3,21.8388,18.4826,117.015,1403.08,21.719,560.761,20.9287,
3327.13,21.4126,18.1337,78.6906,277.913,0.939098,595.071,14.0741,
3254.03,21.7582,17.839,114.128,3925.89,23.1861,581.997,20.4124,
3406.62,17.1924,14.6958,504.932,107.512,17.314,609.287,90.3092,
3272.28,20.2012,18.2314,113.371,9382.94,24.6392,585.261,20.2768,
-100.274,-1.98268,-4.98367,106.125,8293.74,23.6966,-0,18.9808,
3235.2,21.651,17.9232,116.44,7305.31,23.1003,578.629,20.8258,
2619.83,18.4664,18.4336,132.399,1627.05,16.417,468.568,23.6802,
1791.26,18.7243,18.7357,11971.7,3343.73,-43.7217,320.374,0,
414.126,15.7674,20.6461,127.208,11386.6,23.4112,74.0681,22.7516,
3258.63,20.1553,18.2013,116.247,2172.61,21.3493,582.82,20.7912,
3271.79,19.1873,18.1003,104.692,5152.25,25.9666,585.174,18.7247,
3335.79,20.7354,17.5372,111.603,12550.3,24.925,596.621,19.9607,
-84646.7,1281.11,43.7552,3922.53,0,19.6046,-15139.4,701.561,
3143.42,21.5175,18.306,103.749,1917.67,24.626,562.213,18.556,
3151.31,21.3075,17.9705,118.457,4240.7,24.8538,563.625,21.1865,
3100.43,20.9333,18.3509,126.439,10136.1,20.5048,554.525,22.6141,
800,0,1,400,0,1,143.083,71.5417,
3246.17,20.4972,18.1758,117.163,5804.63,23.3515,580.59,20.9551,
1211.19,67.7912,19.8678,3753.94,7.51288,9.51667,216.627,671.408,
3292.88,20.9292,17.3532,101.39,2583.03,23.7499,588.944,18.1339,
3257.81,20.8361,18.3698,112.595,1652.45,17.1284,582.673,20.1381,
3222.1,20.1515,18.2697,122.051,6408.58,20.7753,576.285,21.8293,
3265.27,19.7261,16.4952,315.101,132.527,14.021,584.007,56.3571,
3462.46,17.9041,14.7227,515.322,107.618,16.564,619.276,92.1675,
3204.15,20.7927,17.6791,101.139,2334.16,24.3262,573.075,18.0891,
3229.42,20.8454,18.1165,127.026,517.966,7.7594,577.596,22.7192,
2792.12,19.5038,18.0177,100.181,1708.37,22.868,499.383,17.9177,
3287.3,20.7783,17.6828,118.157,6267.99,22.0153,587.948,21.1329,
3216.33,21.0608,18.5298,117.967,2094.53,20.6997,575.255,21.0989,
3236.27,21.2014,17.5986,98.5012,15409.9,24.3393,578.821,17.6173,
3236.36,21.2263,18.2294,120.013,1847.52,22.0089,578.836,21.4649,
-1.07189e+06,2004.63,66.2627,4040.44,0,17.6254,-191712,722.649,
3242.01,21.7185,18.2266,182.093,2240.31,7.83852,579.847,32.5681,
3232.14,19.8904,18.5824,114.499,2779.91,23.0033,578.083,20.4787,
3190.05,22.1904,17.6736,109.15,3766.93,24.2329,570.554,19.522,
3260.92,20.2638,17.7214,89.5984,6685.23,29.9435,583.23,16.025,
1286.34,19.6318,19.1289,100.823,3927.53,22.1861,230.067,18.0325,
3228.6,20.9042,18.2105,98.5426,2792.24,22.6659,577.449,17.6247,
3469.5,16.8826,13.9931,563.882,102.519,17.786,620.535,100.853,
3221.99,20.6745,18.2745,80.1988,9769.95,35.4342,576.267,14.3439,
3279.95,20.3325,18.2383,108.626,5583.94,24.785,586.633,19.4282,
3192.92,21.2546,18.0283,101.972,13075.5,24.7036,571.068,18.2382,
3342.52,19.757,17.7065,109.688,3923.26,22.7255,597.823,19.6182,
3179.04,20.1912,18.3131,12.7627,9608.34,1431.31,568.585,2.28267,
1464.49,52.9865,20.29,3782.28,0,9.14367,261.93,676.476,
3205.21,20.2025,18.504,44.8157,23782.9,48.566,573.264,8.01548,
1441.92,53.9957,19.8936,3855.24,0,9.27502,257.894,689.526,
3260.07,19.8063,18.3501,123.827,8192.61,20.6159,583.077,22.1469,
3232.96,19.7998,15.4739,474.582,112.527,15.873,578.227,84.8809,
3188.32,21.4847,17.685,106.467,8530.56,24.6145,570.245,19.042,
3240.57,19.5945,18.1759,143.643,713.403,11.2565,579.59,25.6912,
3202.44,19.4638,18.2122,110.981,3656.74,20.6577,572.77,19.8494,
3179.46,21.112,18.4277,119.951,4829.3,24.0517,568.66,21.4537,
3294.16,20.1673,17.7112,164.146,2454.11,7.16155,589.174,29.3581,
3298.04,20.2551,18.2367,97.9294,2743.23,23.5671,589.868,17.5151,
3155.9,21.2582,17.8064,123.296,5549.06,21.8576,564.445,22.0519,
-2.30209e+06,3.25746,-0.253431,1016.41,102.668,24.9384,-0,181.789,
3275.41,20.6119,17.9501,129.867,677.255,11.1107,585.821,23.2272,
3169.97,21.234,17.9904,135.629,7699.85,18.9083,566.963,24.2578,
3295.34,19.7936,18.3048,108.545,2944.28,20.7589,589.386,19.4137,
2304.15,18.4543,18.2199,158.625,142.478,21.305,412.107,28.3708,
3174.49,22.3461,18.0058,179.641,18504.5,9.69698,567.77,32.1296,
3332.18,20.2048,17.9497,159.916,767,8.90008,595.975,28.6016,
-833891,1929.69,71.572,3974.87,0,19.4943,-149145,710.923,
3220.37,21.0441,18.0343,126.495,2694.09,17.9213,575.977,22.6242,
3250.82,19.4734,18.8951,124.323,3062.82,21.8884,581.423,22.2358,
3243.55,20.8555,18.1821,102.883,542.46,6.75262,580.122,18.4011,
3165.12,20.4407,19.2407,151.534,438.901,6.14841,566.094,27.1025,
3284.55,21.8857,17.3852,111.316,3727.09,22.2011,587.455,19.9093,
1562.78,18.7549,19.1888,109.199,11708.8,24.8974,279.509,19.5308,
3261.89,20.5145,17.9248,102.799,2714.88,22.8489,583.402,18.386,
3149.05,20.595,18.4377,233.858,197.889,9.74686,563.221,41.8264,
3163.82,21.6688,17.981,108.626,5958.67,22.9047,565.863,19.4282,
3216.79,20.7552,18.111,124.072,2868,22.2583,575.336,22.1908,
3225.35,19.9174,18.1224,109.093,3414.5,20.9631,576.868,19.5118,
3188.4,20.8113,18.2933,121.65,15616.9,21.1337,570.259,21.7577,
800,0,1,400,0,1,143.083,71.5417,
3200.75,20.7596,18.6401,119.87,3808.2,24.7712,572.468,21.4393,
3624.75,10.6358,8.92805,1220.59,67.5063,19.6608,648.302,218.308,
3168.64,21.8051,18.3589,87.2722,4543.99,24.4721,566.724,15.609,
965.867,18.984,19.7295,94.8925,3287.63,28.7426,172.749,16.9719,
3196.17,19.8465,18.259,47.3373,4302.57,-69.0297,571.649,0,
3302.18,20.8583,16.8332,174.056,5993.33,9.55178,590.608,31.1306,
3302.51,19.9439,17.8308,156.853,10629.5,9.92877,590.669,28.0539,
3476.56,16.4905,13.205,714.526,92.6221,17.6048,621.798,127.796,
3186.61,20.0953,18.2649,90.9134,8363.79,26.9098,569.939,16.2602,
1470.55,21.6686,18.3124,109.831,7142.71,21.4904,263.015,19.6438,
3284.41,19.9823,17.9569,105.232,6555.97,24.1076,587.43,18.8213,
3200.18,21.4691,18.2604,98.5458,2938.11,24.2862,572.365,17.6253,
3241.94,21.5085,17.6322,135.831,12404.1,18.8132,579.834,24.2939,
3272.51,20.7351,17.9905,99.3732,5842.34,26.9789,585.303,17.7733,
3175.45,21.3717,17.7577,112.846,787.479,13.9992,567.942,20.183,
-2.32828e+06,103.06,-30.0899,975.05,102.489,24.9177,-0,174.392,
3343.09,20.5065,17.1442,101.36,4099.32,22.9106,597.926,18.1287,
3244.61,21.1992,17.3448,139.187,6009.93,20.6301,580.312,24.8942,
3246.2,20.5063,17.6424,164.39,2267.68,9.72717,580.596,29.4018,
3217.52,19.8382,17.9175,116.202,4399.54,25.3701,575.467,20.7832,
3119.46,21.0399,18.5754,102.848,964.12,18.2409,557.928,18.3948,
3169.52,21.0562,18.2809,113.06,4817.76,21.4987,566.882,20.2212,
3259.17,21.179,17.7117,100.869,3530.6,25.3338,582.916,18.0408,
3291.97,20.1017,17.2802,289.153,163.009,12.3946,588.782,51.7162,
-7282.47,10693.4,0.00977269,119.769,10708.7,22.8102,-1302.5,21.4211,
3266.91,21.2192,17.7466,110.533,1212.45,21.3769,584.3,19.7692,
3243.04,21.5976,17.6661,117.681,11442.6,21.49,580.032,21.0477,
3222.64,20.1692,18.3946,140.684,11783.4,7.79635,576.383,25.1619,
2359.17,19.6994,18.007,1003.28,3645.63,-36.8685,421.947,0,
3281.02,20.4163,17.9644,127.059,2564.27,19.7217,586.823,22.725,
1321.67,17.7345,19.1694,102.505,9865.9,23.1896,236.386,18.3335,
3226.97,19.8108,18.6152,124.079,23639.5,22.6846,577.157,22.1921,
3282.01,19.6143,17.4523,91.7648,884.454,21.053,587.001,16.4125,
3197.09,20.9061,18.142,110.664,17302.7,23.8915,571.813,19.7927,
3213.99,20.3948,18.1986,118.733,1277.56,20.3668,574.836,21.2359,
2938.71,19.8047,18.1398,131.217,2981.74,19.7513,525.6,23.4687,
512.818,16.9776,20.4151,110.266,5843.68,23.2843,91.7196,19.7215,
3147.63,18.8747,19.6517,94.0456,442.49,7.62227,562.966,16.8204,
3494.12,15.1399,11.883,816.778,87.5152,18.5451,624.937,146.084,
3327.35,19.6627,17.5954,120.598,8438.89,21.6599,595.111,21.5694,
3302.89,20.6906,17.3461,121.618,3057.95,23.5198,590.736,21.7519,
1296.21,20.5269,19.0508,77.0859,7070.71,32.4098,231.832,13.7871,
1157.98,71.8862,18.975,4236.56,0,11.4311,207.11,757.727,
3178.57,21.6594,18.3064,172.856,3499.94,8.92522,568.5,30.916,
3182.98,20.2579,18.1647,109.767,4808.19,21.5491,569.29,19.6323,
3192.99,20.3131,18.5015,112.521,1493.7,21.3292,571.079,20.1248,
3090.88,21.9399,18.9951,127.593,5539.61,21.9826,552.817,22.8206,
3316.87,18.0135,18.3492,105.241,7025.22,20.3084,593.237,18.8228,
3295.8,19.8632,17.4841,108.929,5014.02,22.516,589.467,19.4824,
3231.16,20.348,18.5422,121.853,1168.35,16.1099,577.906,21.7939,
3300.05,18.7902,18.2686,44.9868,5628.77,41.9768,590.227,8.04608,
968.446,76.3425,20.3079,3462.24,12.5059,10.8957,173.211,619.236,
3227.13,19.7955,18.1773,116.692,17043.8,21.5683,577.186,20.8708,
3312.17,19.7022,18.0521,93.1155,7562.83,27.7746,592.396,16.6541,
3198.63,20.4828,18.4249,128.276,2532.67,20.4915,572.088,22.9428,
3181.64,20.8151,18.2523,101.679,4433.81,24.2123,569.049,18.1857,
3224.08,20.9718,18.1095,103.235,4865.48,28.2803,576.641,18.464,
3327.71,18.8363,15.5491,432.163,122.514,13.532,595.174,77.2942,
3183.2,21.5454,18.2949,123.019,5448.23,20.3621,569.328,22.0025,
3218.28,20.1967,18.2648,153.374,3922.82,9.15518,575.604,27.4316,
3268.7,20.1817,17.6956,159.867,1743.23,8.92009,584.62,28.5929,
39020,-168.313,17.6389,-332.911,202.906,122.517,6978.88,-59.5425,
3245.97,20.8443,17.7741,116.114,4559.74,20.9792,580.555,20.7674,
3300.25,19.3698,18.1353,110.344,3002.36,22.4862,590.264,19.7356,
3161.89,20.2395,19.5495,121.407,452.37,6.9433,565.517,21.7142,
1326.45,57.3069,20.5428,3824.74,0,9.84855,237.242,684.071,
3145.95,21.4479,18.1911,102.191,2011.83,22.6101,562.667,18.2772,
3214.9,19.9966,18.4959,107.02,24397.4,24.289,574.998,19.141,
3065.57,22.0193,18.4947,94.2358,10729.5,24.6877,548.29,16.8545,
3278.78,20.6494,17.8995,87.2455,21931,29.6711,586.423,15.6042,
140.049,-17.2325,24.7765,110.082,3873.83,22.4213,25.0484,19.6886,
3253.46,20.8743,17.9033,134.894,1693.76,10.5315,581.895,24.1263,
3173.02,20.6765,18.6881,135.716,1928.72,18.945,567.508,24.2734,
800,0,1,400,0,1,143.083,71.5417,
3264.78,22.5255,17.7276,160.577,5467.68,11.216,583.92,28.7199,
2405.64,20.4183,18.5878,125.986,6359.58,22.061,430.259,22.5331,
5396.57,-52.2186,28.4267,-188.76,232.983,99.9796,965.199,-33.7605,
3185.05,21.0772,18.3856,124.592,8808.73,24.3961,569.659,22.2837,
3231.36,12.4741,22.6994,-30.5435,418.739,121.176,577.942,-5.46283,
3223.26,20.032,18.3,85.5985,3625.54,24.1318,576.494,15.3096,
3206.63,21.5885,17.7355,103.834,11945.9,23.2674,573.52,18.5711,
3252.71,20.053,18.1717,127.67,2267.98,16.4617,581.761,22.8343,
3196.37,21.516,18.025,93.1948,4632.62,24.443,571.684,16.6683,
3223.26,21.1843,18.5294,112.983,7239,23.083,576.493,20.2074,
2160.21,17.7329,21.1928,138.801,287.39,6.90306,386.363,24.825,
2622.76,20.1988,18.654,87.2187,8073.56,29.2613,469.092,15.5994,
3185.15,19.4942,18.5967,-962103,187.511,-0.126246,569.677,-0,
912.816,18.8598,19.8827,120.108,843.865,20.3585,163.261,21.4818,
3241.63,21.2276,17.7288,153.403,928.304,7.65253,579.778,27.4368,
1223.45,63.4894,19.1887,4213.55,0,10.3067,218.819,753.611,
3323.42,20.6473,17.0409,94.9591,1189.51,19.0548,594.408,16.9838,
3207.85,21.2981,17.8604,129.987,5707.53,23.2358,573.738,23.2486,
205.795,-1.40968,-6.15328,17.2568,107.845,81.9088,0,3.08644,
1358.64,57.6432,19.7288,3892.55,0,9.73245,242.999,696.198,
3090.63,20.9655,18.6945,119.793,10688,21.9313,552.773,21.4255,
3277.5,20.8423,17.8208,116.987,1297.68,19.0519,586.195,20.9237,
3119,21.367,18.7168,104.245,849.151,16.3179,557.847,18.6447,
3323.35,20.7427,17.1757,126.896,10319,17.382,594.396,22.6958,
3173.79,20.8925,18.5759,109.733,5248.36,23.5897,567.645,19.6262,
3575.61,11.8373,10.0763,1136.11,72.4978,19.3476,639.513,203.198,
1466.08,16.7029,19.1591,142.402,634.047,7.00825,262.215,25.4692,
3223.52,20.5867,17.9209,115.902,16828.5,22.2818,576.539,20.7296,
3288.16,19.4105,18.0628,90.8217,8752.98,28.6739,588.1,16.2438,
3137.15,20.8431,19.008,118.215,3939.08,23.4976,561.092,21.1433,
2225.3,21.3344,18.0716,102.295,5714.52,24.0046,398.004,18.2959,
3230.96,21.0854,18.0274,98.2808,13794.7,25.4293,577.87,17.5779,
-2.15903e+06,-0.222731,-3.54645,1202.91,87.508,25.3737,-0,215.145,
3354.1,19.6652,17.4917,85.2215,18592.9,28.6342,599.895,15.2422,
3183.51,21.4504,18.2472,122.355,4576.96,23.3201,569.383,21.8836,
3247.25,20.8748,18.0394,110.504,5444.94,22.3621,580.784,19.7641,
3241.38,20.5822,18.2558,105.207,6937.62,23.4346,579.734,18.8166,
3316.64,20.0367,18.1686,81.4245,14148.6,28.9269,593.194,14.5631,
3169.76,22.7641,18.2552,118.414,5133.32,22.2781,566.926,21.1789,
3195.39,21.7773,18.4729,104.511,1253.26,22.9965,571.508,18.6923,
3260.21,20.832,18.383,95.6617,9423.21,25.7459,583.102,17.1095,
3309.35,21.0602,17.8828,123.252,11626.2,20.3576,591.891,22.0441,
3292.81,20.2829,18.0698,87.3861,1557.43,24.1744,588.932,15.6294,
3207.6,21.026,18.1545,120.503,9373.49,17.7312,573.693,21.5524,
3189.76,20.5703,18.2592,125.97,4547.62,20.8012,570.501,22.5303,
3274.25,20.8785,17.8872,104.625,17675.9,24.5269,585.612,18.7126,
3250.32,19.8809,18.0319,108.992,3360.49,21.402,581.333,19.4936,
3326.82,18.406,18.7374,114.737,448.757,8.64003,595.015,20.5212,
3249.31,20.4185,17.8725,117.898,1928.97,17.6469,581.153,21.0865,
2788.32,22.0079,18.3079,105.89,1448.36,22.8132,498.703,18.9389,
3246.56,20.1237,17.654,131.847,2713.06,19.2402,580.662,23.5813,
3243.53,18.175,19.7222,135.489,382.432,5.62196,580.12,24.2328,
3228.92,19.8299,17.7778,111.796,5288.73,23.4418,577.506,19.9952,
3344.81,19.7602,17.9492,82.3359,2599.71,28.4958,598.233,14.7261,
3170.52,19.814,18.1666,324.756,157.526,11.4921,567.061,58.0839,
3285.75,20.7279,17.735,108.338,893.154,15.884,587.67,19.3766,
3176.75,22.0946,18.0463,67.1554,4522.6,27.3323,568.174,12.011,
3190.36,20.7323,18.073,128.289,1233.1,17.3747,570.61,22.945,
3200.95,20.2357,18.0742,107.134,6412.75,23.4378,572.503,19.1614,
3106.94,21.0239,18.2514,178.187,3928.89,6.67823,555.69,31.8695,
3196.76,19.7221,18.6548,138.823,1127.98,11.419,571.753,24.8291,
142.149,2723.3,24.7294,4142.66,0,17.4452,25.424,740.933,
3245.65,21.01,17.8245,109.061,2009.29,22.6769,580.499,19.506,
3147.69,21.0962,18.6875,93.4993,3748.98,27.889,562.977,16.7227,
733.67,17.2918,22.9992,96.5886,217.349,12.3125,131.22,17.2753,
2485.13,21.3423,18.2752,100.52,1939.08,24.3977,444.476,17.9785,
1707.89,18.6859,19.0087,114.255,10343.9,24.1542,305.464,20.435,
3247.36,19.8144,17.3307,195.194,177.504,8.07756,580.803,34.9112,
3220.67,20.0246,17.0366,279.679,162.588,8.74714,576.03,50.0217,
3663.12,11.5515,9.18564,1193.73,67.5395,19.4606,655.164,213.503,
3173.03,21.0923,17.6817,113.417,5058.49,22.0236,567.51,20.2851,
